url,clics,impresiones,ctr,posicion
/calcul-de-distance-canal-du-midi/,513,11051,4.6%,6.2
/,227,23371,1.0%,10.5
/canal-de-la-robine/,196,3549,5.5%,5.4
/meteo-du-canal-du-midi/,112,700,16.0%,4.1
/navigation/periode-de-navigation/,94,1350,7.0%,6.7
/longeur-largeur-des-ecluses-tirant-deau-tirant-dair-sur-le-canal-du-midi/,84,2552,3.3%,5.7
/peniches-a-vendre-sur-le-canal-tout-savoir-avant-dacheter/,74,2490,3.0%,7.6
/voie-verte-et-veloroute/,72,3288,2.2%,17.6
/fiche/ecluse-de-portiragnes/,64,462,13.9%,4.1
/carcassonne-decouvrez-lepanchoir-de-foucaud-maison-eclusiere/,55,375,14.7%,5.1
/fiche/port-cassafieres-portiragne/,55,885,6.2%,4.4
/les-ecluses-du-canal-du-midi-2/,55,1749,3.1%,9.9
/le-lac-de-saint-ferreol-sera-bientot-vide-un-spectacle-impressionnant/,51,438,11.6%,6.3
/wp-content/uploads/pdf/Plan-Canal-du-Midi-2025.pdf,51,839,6.1%,13.4
/revel-deux-jours-de-visites-gratuites-journees-du-patrimoine-34e-journees-du-patrimoine/,42,536,7.8%,7.6
/vias-au-programme-des-journees-europeennes-du-patrimoine/,37,151,24.5%,4.1
/les-meilleurs-lieux-pour-courir-a-toulouse/,35,1456,2.4%,9.3
/auberge-de-la-croisade-a-cruzy-34310-nouveaux-menus/,34,1238,2.8%,7.6
/fiche/port-de-sete/,34,1987,1.7%,8.9
/la-librairie-du-somail-pantheonisee-par-la-television/,34,3753,0.9%,8.9
/fiche/mairie-de-salleles-daude/,31,3920,0.8%,10.2
/fiche/port-neuf-beziers/,31,767,4.0%,6.9
/fiche/port-sud-ramonville-st-agne/,30,1053,2.9%,5.5
/fiche/port-de-homps/,25,454,5.5%,8.6
/navigation/regles-de-navigation/,25,1334,1.9%,9.9
/tarn-et-garonne-vnf-loue-ses-maisons-eclusieres/,25,418,6.0%,7.0
/vnf-recrute-des-eclusiers-saisonniers/,24,233,10.3%,7.7
/canal-du-midi-en-bateau-comment-sy-preparer/,23,1726,1.3%,10.2
/categorie/camping/,23,1414,1.6%,10.5
/fiche/port-la-robine/,22,257,8.6%,7.8
/3-de-bordeaux-a-sete-780-km-sur-les-rives-des-canaux-de-lentre-deux-mers/,21,1195,1.8%,9.8
/fiche/le-trouve-tout-du-livre/,21,2048,1.0%,8.0
/vignoble-de-picpoul-de-pinet/,20,2170,0.9%,4.2
/balade-en-bateau-sur-le-canal-de-la-robine/,17,292,5.8%,12.7
/alimentation-en-eau-du-canal/,16,1026,1.6%,6.1
/le-tour-du-seuil-de-naurouze/,16,520,3.1%,7.3
/les-marches-a-port-la-nouvelle/,16,1133,1.4%,9.4
/wp-content/uploads/pdf/Plan-Canal-du-Midi-2024.pdf,16,570,2.8%,28.4
/balade-en-roller-2/,15,364,4.1%,7.7
/fiche/cave-cooperative-du-chateau-de-ventenac/,15,560,2.7%,11.2
/fiche/port-de-bram/,15,320,4.7%,5.6
/noel-au-chateau-les-carrasses-34/,15,48,31.3%,3.8
/castanet-tolosan-31-le-lac-un-lieu-de-promenade-le-week-end/,14,237,5.9%,5.3
/fiche/aux-petits-oignons/,14,1023,1.4%,6.4
/fiche/port-de-segala/,14,179,7.8%,5.0
/narbonne-a-la-decouverte-du-quartier-de-bourg/,14,223,6.3%,5.1
/une-belle-vie-au-bord-du-canal/,14,330,4.2%,7.4
/conditions-dutilisation-des-chemins-de-halage-le-long-du-canal-du-midi-a-velo/,13,494,2.6%,7.3
/fiche/la-guinguette-restaurant/,13,1310,1.0%,9.8
/fiche/camping-de-pepieux/,12,370,3.2%,5.3
/fiche/ecluse-de-renneville/,12,206,5.8%,7.2
/fiche/ecluse-de-vic/,12,311,3.9%,5.9
/fiche/port-du-somail/,12,722,1.7%,5.9
/le-chancre-colore-du-platane/,12,510,2.4%,8.9
/villefranche-de-lauragais-rosalie-et-canoe-sur-le-canal-du-midi/,12,143,8.4%,8.0
/wp-content/uploads/2014/12/scan002.pdf,12,199,6.0%,9.4
/beziers-la-future-gare-tgv-au-centre-des-debats/,11,326,3.4%,7.7
/fiche/office-de-tourisme-de-castelnaudary/,11,1133,1.0%,7.7
/fiche/port-de-trebes/,11,321,3.4%,7.1
/le-grand-bief/,11,132,8.3%,5.4
/vignoble-du-cabardes/,11,1137,1.0%,7.0
/bassin-de-thau/,10,1212,0.8%,9.9
/fiche/ecluse-de-bagnas/,10,140,7.1%,4.2
/fiche/ecluse-de-montgiscard/,10,193,5.2%,7.1
/fiche/port-de-capestang/,10,265,3.8%,6.7
/le-somail-decouvrez-la-maison-bonnal/,10,87,11.5%,5.0
/fiche/crisboat/,9,1505,0.6%,6.0
/fiche/ecluse-dargens/,9,169,5.3%,7.2
/fiche/halte-plaisance-fluviale-de-frontignan/,9,319,2.8%,7.6
/le-canal/histoire/,9,999,0.9%,9.4
/narbonne-le-pont-des-marchands-sur-la-robine/,9,462,1.9%,7.8
/voie-verte-du-lido/,9,248,3.6%,7.0
/en-croisiere-a-bord-de-la-peniche-surcouf-vous-allez-decouvrir-le-vrai-canal-du-midi/,8,796,1.0%,7.6
/fiche/ecluse-de-lorb/,8,162,4.9%,11.1
/fiche/ecluse-dhomps/,8,176,4.5%,8.4
/fiche/port-de-serignan/,8,420,1.9%,6.3
/grace-a-vauban-la-rigole-a-pu-alimenter-le-canal-du-midi/,8,148,5.4%,6.3
/informations-croisiere/,8,332,2.4%,14.9
/villeneuve-les-beziers/,8,286,2.8%,8.2
/zone/homps-capestang/,8,127,6.3%,10.0
/castelnaudary-donadery-un-lieu-de-vie-et-de-partage-en-plus-du-futur-musee/,7,170,4.1%,3.8
/fiche/camping-municipal-de-salleles-daude/,7,504,1.4%,6.9
/fiche/ecluse-ronde-dagde/,7,633,1.1%,8.4
/fiche/maison-de-la-haute-garonne/,7,575,1.2%,10.3
/fiche/port-des-onglous/,7,369,1.9%,9.7
/fiche/port-du-agde/,7,285,2.5%,8.9
/jours-de-marches-proche-du-canal-du-midi/,7,163,4.3%,7.4
/le-canal-du-midi-classe-mais-en-danger/,7,79,8.9%,5.8
/toulouse-pourquoi-les-arbres-qui-bordent-le-canal-du-midi-ont-ils-tous-un-numero/,7,353,2.0%,7.7
/toulouse-transforme-les-allees-jean-jaures-en-rambla/,7,266,2.6%,8.5
/capestang/,6,361,1.7%,11.3
/categorie/ports/,6,268,2.2%,7.1
/colombiers/,6,601,1.0%,11.2
/decouvrir-la-perle-noire-et-ses-tresors-a-velo-agde-u-34-km-de-pistes-cyclables-et-plusieurs-balades-en-vue/,6,540,1.1%,7.3
/fiche/ecluse-dargelliers/,6,59,10.2%,10.1
/fiche/ecluse-de-marseillette/,6,187,3.2%,8.6
/fiche/ecluse-de-negra/,6,272,2.2%,7.2
/fiche/ecluses-de-fonseranes/,6,1085,0.5%,10.5
/fiche/moulin-bladier-de-bessan/,6,175,3.4%,5.3
/fiche/office-de-tourisme-le-somail-cote-du-midi/,6,1248,0.5%,12.6
